L001	SEC-001
L002	SEC-001
L003	SEC-001
L004	SEC-001
L005	fp	[TM2] test, fixture, generated, or documentation artifact; no shipped runtime behavior
L006	fp	[TM2] test, fixture, generated, or documentation artifact; no shipped runtime behavior
L007	BUG-002
L008	fp	[TM2] test, fixture, generated, or documentation artifact; no shipped runtime behavior
L009	BUG-001
L010	BUG-001
L011	fp	[TM2] test, fixture, generated, or documentation artifact; no shipped runtime behavior
L012	fp	[TM2] test, fixture, generated, or documentation artifact; no shipped runtime behavior
L013	fp	[TM2] test, fixture, generated, or documentation artifact; no shipped runtime behavior
L014	fp	[TM2] test, fixture, generated, or documentation artifact; no shipped runtime behavior
L015	fp	[TM2] test, fixture, generated, or documentation artifact; no shipped runtime behavior
L016	fp	[TM2] test, fixture, generated, or documentation artifact; no shipped runtime behavior
L017	fp	[TM2] test, fixture, generated, or documentation artifact; no shipped runtime behavior
L018	fp	[TM2] scanner match is in a test or non-executing helper; no shipped behavior established
L019	fp	[TM2] test, fixture, generated, or documentation artifact; no shipped runtime behavior
L020	fp	[TM2] test, fixture, generated, or documentation artifact; no shipped runtime behavior
L021	fp	[TM2] test, fixture, generated, or documentation artifact; no shipped runtime behavior
L022	fp	[TM2] test, fixture, generated, or documentation artifact; no shipped runtime behavior
L023	fp	[TM2] test, fixture, generated, or documentation artifact; no shipped runtime behavior
L024	fp	[TM2] test, fixture, generated, or documentation artifact; no shipped runtime behavior
L025	fp	[TM2] test, fixture, generated, or documentation artifact; no shipped runtime behavior
L026	fp	[TM2] test, fixture, generated, or documentation artifact; no shipped runtime behavior
L027	fp	[TM2] test, fixture, generated, or documentation artifact; no shipped runtime behavior
L028	fp	[TM2] test, fixture, generated, or documentation artifact; no shipped runtime behavior
L029	fp	[TM2] test, fixture, generated, or documentation artifact; no shipped runtime behavior
L030	fp	[TM2] test, fixture, generated, or documentation artifact; no shipped runtime behavior
L031	fp	[TM2] test, fixture, generated, or documentation artifact; no shipped runtime behavior
L032	fp	[TM2] test, fixture, generated, or documentation artifact; no shipped runtime behavior
L033	fp	[TM2] test, fixture, generated, or documentation artifact; no shipped runtime behavior
L034	fp	[TM2] test, fixture, generated, or documentation artifact; no shipped runtime behavior
L035	fp	[TM2] test, fixture, generated, or documentation artifact; no shipped runtime behavior
L036	fp	[TM2] test, fixture, generated, or documentation artifact; no shipped runtime behavior
L037	fp	[TM2] test, fixture, generated, or documentation artifact; no shipped runtime behavior
L038	fp	[TM2] test, fixture, generated, or documentation artifact; no shipped runtime behavior
L039	fp	[TM2] test, fixture, generated, or documentation artifact; no shipped runtime behavior
L040	fp	[TM2] test, fixture, generated, or documentation artifact; no shipped runtime behavior
L041	fp	[TM2] test, fixture, generated, or documentation artifact; no shipped runtime behavior
L042	fp	[TM2] test, fixture, generated, or documentation artifact; no shipped runtime behavior
L043	fp	[TM2] test, fixture, generated, or documentation artifact; no shipped runtime behavior
L044	fp	[TM2] test, fixture, generated, or documentation artifact; no shipped runtime behavior
L045	fp	[TM2] test, fixture, generated, or documentation artifact; no shipped runtime behavior
L046	fp	[TM2] test, fixture, generated, or documentation artifact; no shipped runtime behavior
L047	fp	[TM2] test, fixture, generated, or documentation artifact; no shipped runtime behavior
L048	fp	[TM2] test, fixture, generated, or documentation artifact; no shipped runtime behavior
L049	fp	[TM2] test, fixture, generated, or documentation artifact; no shipped runtime behavior
L050	fp	[TM2] test, fixture, generated, or documentation artifact; no shipped runtime behavior
L051	fp	[TM2] test, fixture, generated, or documentation artifact; no shipped runtime behavior
L052	fp	[TM2] test, fixture, generated, or documentation artifact; no shipped runtime behavior
L053	fp	[TM2] scanner match is in a test or non-executing helper; no shipped behavior established
L054	fp	[TM2] test, fixture, generated, or documentation artifact; no shipped runtime behavior
L055	fp	[TM2] test, fixture, generated, or documentation artifact; no shipped runtime behavior
L056	fp	[TM2] test, fixture, generated, or documentation artifact; no shipped runtime behavior
L057	fp	[TM2] test, fixture, generated, or documentation artifact; no shipped runtime behavior
L058	fp	[TM2] test, fixture, generated, or documentation artifact; no shipped runtime behavior
L059	fp	[TM2] test, fixture, generated, or documentation artifact; no shipped runtime behavior
L060	fp	[TM2] test, fixture, generated, or documentation artifact; no shipped runtime behavior
L061	fp	[TM2] test, fixture, generated, or documentation artifact; no shipped runtime behavior
L062	fp	[TM2] test, fixture, generated, or documentation artifact; no shipped runtime behavior
L063	fp	[TM2] test, fixture, generated, or documentation artifact; no shipped runtime behavior
L064	fp	[TM2] test, fixture, generated, or documentation artifact; no shipped runtime behavior
L065	fp	[TM2] test, fixture, generated, or documentation artifact; no shipped runtime behavior
L066	fp	[TM2] test, fixture, generated, or documentation artifact; no shipped runtime behavior
L067	fp	[TM2] test, fixture, generated, or documentation artifact; no shipped runtime behavior
L068	fp	[TM2] test, fixture, generated, or documentation artifact; no shipped runtime behavior
L069	fp	[TM2] test, fixture, generated, or documentation artifact; no shipped runtime behavior
L070	fp	[TM2] test, fixture, generated, or documentation artifact; no shipped runtime behavior
L071	fp	[TM2] test, fixture, generated, or documentation artifact; no shipped runtime behavior
L072	fp	[TM2] test, fixture, generated, or documentation artifact; no shipped runtime behavior
L073	fp	[TM2] test, fixture, generated, or documentation artifact; no shipped runtime behavior
L074	fp	[TM2] test, fixture, generated, or documentation artifact; no shipped runtime behavior
L075	fp	[TM2] test, fixture, generated, or documentation artifact; no shipped runtime behavior
L076	fp	[TM2] test, fixture, generated, or documentation artifact; no shipped runtime behavior
L077	fp	[TM2] test, fixture, generated, or documentation artifact; no shipped runtime behavior
L078	fp	[TM2] test, fixture, generated, or documentation artifact; no shipped runtime behavior
L079	fp	[TM2] test, fixture, generated, or documentation artifact; no shipped runtime behavior
L080	fp	[TM2] test, fixture, generated, or documentation artifact; no shipped runtime behavior
L081	fp	[TM2] test, fixture, generated, or documentation artifact; no shipped runtime behavior
L082	fp	[TM2] test, fixture, generated, or documentation artifact; no shipped runtime behavior
L083	fp	[TM2] test, fixture, generated, or documentation artifact; no shipped runtime behavior
L084	fp	[TM2] test, fixture, generated, or documentation artifact; no shipped runtime behavior
L085	fp	[TM2] test, fixture, generated, or documentation artifact; no shipped runtime behavior
L086	fp	[TM2] test, fixture, generated, or documentation artifact; no shipped runtime behavior
L087	fp	[TM2] test, fixture, generated, or documentation artifact; no shipped runtime behavior
L088	fp	[TM2] test, fixture, generated, or documentation artifact; no shipped runtime behavior
L089	fp	[TM2] test, fixture, generated, or documentation artifact; no shipped runtime behavior
L090	fp	[TM2] test, fixture, generated, or documentation artifact; no shipped runtime behavior
L091	fp	[TM2] test, fixture, generated, or documentation artifact; no shipped runtime behavior
L092	fp	[TM2] test, fixture, generated, or documentation artifact; no shipped runtime behavior
L093	fp	[TM2] test, fixture, generated, or documentation artifact; no shipped runtime behavior
L094	fp	[TM2] test, fixture, generated, or documentation artifact; no shipped runtime behavior
L095	fp	[TM2] test, fixture, generated, or documentation artifact; no shipped runtime behavior
L096	fp	[TM2] test, fixture, generated, or documentation artifact; no shipped runtime behavior
L097	fp	[TM2] test, fixture, generated, or documentation artifact; no shipped runtime behavior
L098	fp	[TM2] test, fixture, generated, or documentation artifact; no shipped runtime behavior
L099	fp	[TM2] test, fixture, generated, or documentation artifact; no shipped runtime behavior
L100	fp	[TM2] test, fixture, generated, or documentation artifact; no shipped runtime behavior
L101	fp	[TM2] test, fixture, generated, or documentation artifact; no shipped runtime behavior
L102	fp	[TM2] test, fixture, generated, or documentation artifact; no shipped runtime behavior
L103	fp	[TM2] test, fixture, generated, or documentation artifact; no shipped runtime behavior
L104	fp	[TM2] test, fixture, generated, or documentation artifact; no shipped runtime behavior
L105	fp	[TM2] test, fixture, generated, or documentation artifact; no shipped runtime behavior
L106	fp	[TM2] test, fixture, generated, or documentation artifact; no shipped runtime behavior
L107	fp	[TM2] test, fixture, generated, or documentation artifact; no shipped runtime behavior
L108	nv	BUG-003
L109	fp	[TM2] scanner match is in a test or non-executing helper; no shipped behavior established
L110	fp	[TM2] scanner match is in a test or non-executing helper; no shipped behavior established
L111	nv	BUG-007
L112	nv	BUG-005
L113	nv	BUG-003
L114	nv	BUG-003
L115	fp	[TM2] scanner match is in a test or non-executing helper; no shipped behavior established
L116	nv	BUG-005
L117	fp	[TM2] scanner match is in a test or non-executing helper; no shipped behavior established
L118	nv	BUG-005
L119	fp	[TM2] scanner match is in a test or non-executing helper; no shipped behavior established
L120	nv	BUG-005
L121	fp	[TM2] scanner match is in a test or non-executing helper; no shipped behavior established
L122	fp	[TM2] scanner match is in a test or non-executing helper; no shipped behavior established
L123	nv	BUG-005
L124	nv	BUG-003
L125	nv	BUG-005
L126	nv	BUG-005
L127	nv	BUG-003
L128	nv	BUG-007
L129	fp	[TM2] scanner match is in a test or non-executing helper; no shipped behavior established
L130	nv	BUG-005
L131	nv	BUG-005
L132	nv	BUG-005
L133	nv	BUG-005
L134	nv	BUG-003
L135	nv	BUG-007
L136	nv	BUG-005
L137	nv	BUG-007
L138	fp	[TM2] scanner match is in a test or non-executing helper; no shipped behavior established
L139	nv	BUG-005
L140	nv	BUG-005
L141	nv	BUG-007
L142	nv	BUG-005
L143	nv	BUG-007
L144	nv	BUG-007
L145	nv	BUG-003
L146	nv	BUG-005
L147	nv	BUG-007
L148	fp	[TM2] scanner match is in a test or non-executing helper; no shipped behavior established
L149	nv	BUG-007
L150	nv	BUG-007
L151	nv	BUG-005
L152	fp	[TM2] scanner match is in a test or non-executing helper; no shipped behavior established
L153	nv	BUG-005
L154	nv	BUG-007
L155	fp	[TM2] scanner match is in a test or non-executing helper; no shipped behavior established
L156	nv	BUG-005
L157	fp	[TM2] scanner match is in a test or non-executing helper; no shipped behavior established
L158	nv	BUG-007
L159	fp	[TM2] scanner match is in a test or non-executing helper; no shipped behavior established
L160	fp	[TM2] scanner match is in a test or non-executing helper; no shipped behavior established
L161	nv	BUG-005
L162	fp	[TM2] scanner match is in a test or non-executing helper; no shipped behavior established
L163	fp	[TM2] scanner match is in a test or non-executing helper; no shipped behavior established
L164	nv	BUG-005
L165	fp	[TM2] scanner match is in a test or non-executing helper; no shipped behavior established
L166	nv	BUG-005
L167	nv	BUG-005
L168	nv	BUG-005
L169	fp	[TM2] scanner match is in a test or non-executing helper; no shipped behavior established
L170	nv	BUG-005
L171	fp	[TM2] scanner match is in a test or non-executing helper; no shipped behavior established
L172	fp	[TM2] scanner match is in a test or non-executing helper; no shipped behavior established
L173	nv	BUG-005
L174	nv	BUG-005
L175	nv	BUG-003
L176	fp	[TM2] scanner match is in a test or non-executing helper; no shipped behavior established
L177	fp	[TM2] scanner match is in a test or non-executing helper; no shipped behavior established
L178	nv	BUG-003
L179	fp	[TM2] scanner match is in a test or non-executing helper; no shipped behavior established
L180	nv	BUG-007
L181	nv	BUG-007
L182	fp	[TM2] scanner match is in a test or non-executing helper; no shipped behavior established
L183	nv	BUG-003
L184	nv	BUG-005
L185	fp	[TM2] scanner match is in a test or non-executing helper; no shipped behavior established
L186	nv	BUG-005
L187	fp	[TM2] scanner match is in a test or non-executing helper; no shipped behavior established
L188	nv	BUG-005
L189	nv	BUG-003
L190	nv	BUG-007
L191	fp	[TM2] scanner match is in a test or non-executing helper; no shipped behavior established
L192	nv	BUG-005
L193	fp	[TM2] scanner match is in a test or non-executing helper; no shipped behavior established
L194	nv	BUG-007
L195	fp	[TM2] scanner match is in a test or non-executing helper; no shipped behavior established
L196	fp	[TM2] scanner match is in a test or non-executing helper; no shipped behavior established
L197	fp	[TM2] scanner match is in a test or non-executing helper; no shipped behavior established
L198	nv	BUG-007
L199	nv	BUG-005
L200	fp	[TM2] scanner match is in a test or non-executing helper; no shipped behavior established
L201	nv	BUG-003
L202	fp	[TM2] scanner match is in a test or non-executing helper; no shipped behavior established
L203	fp	[TM2] scanner match is in a test or non-executing helper; no shipped behavior established
L204	nv	BUG-003
L205	nv	BUG-005
L206	nv	BUG-003
L207	fp	[TM2] scanner match is in a test or non-executing helper; no shipped behavior established
L208	nv	BUG-003
L209	fp	[TM2] scanner match is in a test or non-executing helper; no shipped behavior established
L210	nv	BUG-005
L211	nv	BUG-005
L212	nv	BUG-005
L213	fp	[TM2] scanner match is in a test or non-executing helper; no shipped behavior established
L214	nv	BUG-005
L215	fp	[TM2] scanner match is in a test or non-executing helper; no shipped behavior established
L216	fp	[TM2] scanner match is in a test or non-executing helper; no shipped behavior established
L217	nv	BUG-007
L218	fp	[TM2] scanner match is in a test or non-executing helper; no shipped behavior established
L219	nv	BUG-003
L220	nv	BUG-003
L221	fp	[TM2] scanner match is in a test or non-executing helper; no shipped behavior established
L222	fp	[TM2] scanner match is in a test or non-executing helper; no shipped behavior established
L223	nv	BUG-003
L224	nv	BUG-003
L225	fp	[TM2] scanner match is in a test or non-executing helper; no shipped behavior established
L226	nv	BUG-007
L227	nv	BUG-005
L228	nv	BUG-005
L229	nv	BUG-005
L230	fp	[TM2] scanner match is in a test or non-executing helper; no shipped behavior established
L231	nv	BUG-007
L232	fp	[TM2] scanner match is in a test or non-executing helper; no shipped behavior established
L233	fp	[TM2] scanner match is in a test or non-executing helper; no shipped behavior established
L234	nv	BUG-003
L235	fp	[TM2] scanner match is in a test or non-executing helper; no shipped behavior established
L236	nv	BUG-005
L237	fp	[TM2] scanner match is in a test or non-executing helper; no shipped behavior established
L238	nv	BUG-007
L239	nv	BUG-005
L240	fp	[TM2] scanner match is in a test or non-executing helper; no shipped behavior established
L241	nv	BUG-005
L242	fp	[TM2] scanner match is in a test or non-executing helper; no shipped behavior established
L243	nv	BUG-005
L244	fp	[TM2] scanner match is in a test or non-executing helper; no shipped behavior established
L245	nv	BUG-007
L246	nv	BUG-005
L247	nv	BUG-003
L248	nv	BUG-005
L249	fp	[TM2] scanner match is in a test or non-executing helper; no shipped behavior established
L250	nv	BUG-003
L251	nv	BUG-007
L252	fp	[TM2] scanner match is in a test or non-executing helper; no shipped behavior established
L253	nv	BUG-007
L254	fp	[TM2] scanner match is in a test or non-executing helper; no shipped behavior established
L255	fp	[TM2] scanner match is in a test or non-executing helper; no shipped behavior established
L256	fp	[TM2] scanner match is in a test or non-executing helper; no shipped behavior established
L257	fp	[TM2] scanner match is in a test or non-executing helper; no shipped behavior established
L258	nv	BUG-005
L259	nv	BUG-005
L260	nv	BUG-007
L261	fp	[TM2] test, fixture, generated, or documentation artifact; no shipped runtime behavior
L262	fp	[TM2] test, fixture, generated, or documentation artifact; no shipped runtime behavior
L263	fp	[TM2] test, fixture, generated, or documentation artifact; no shipped runtime behavior
L264	fp	[TM2] test, fixture, generated, or documentation artifact; no shipped runtime behavior
L265	fp	[TM2] test, fixture, generated, or documentation artifact; no shipped runtime behavior
L266	fp	[TM2] test, fixture, generated, or documentation artifact; no shipped runtime behavior
L267	fp	[TM2] test, fixture, generated, or documentation artifact; no shipped runtime behavior
L268	fp	[TM2] test, fixture, generated, or documentation artifact; no shipped runtime behavior
L269	fp	[TM2] test, fixture, generated, or documentation artifact; no shipped runtime behavior
L270	fp	[TM2] test, fixture, generated, or documentation artifact; no shipped runtime behavior
L271	fp	[TM2] test, fixture, generated, or documentation artifact; no shipped runtime behavior
L272	fp	[TM2] test, fixture, generated, or documentation artifact; no shipped runtime behavior
L273	fp	[TM2] test, fixture, generated, or documentation artifact; no shipped runtime behavior
L274	fp	[TM2] test, fixture, generated, or documentation artifact; no shipped runtime behavior
L275	fp	[TM2] test, fixture, generated, or documentation artifact; no shipped runtime behavior
L276	fp	[TM2] test, fixture, generated, or documentation artifact; no shipped runtime behavior
L277	fp	[TM2] test, fixture, generated, or documentation artifact; no shipped runtime behavior
L278	fp	[TM2] test, fixture, generated, or documentation artifact; no shipped runtime behavior
L279	fp	[TM2] test, fixture, generated, or documentation artifact; no shipped runtime behavior
L280	fp	[TM2] test, fixture, generated, or documentation artifact; no shipped runtime behavior
L281	fp	[TM2] test, fixture, generated, or documentation artifact; no shipped runtime behavior
L282	fp	[TM2] test, fixture, generated, or documentation artifact; no shipped runtime behavior
L283	fp	[TM2] test, fixture, generated, or documentation artifact; no shipped runtime behavior
L284	fp	[TM2] test, fixture, generated, or documentation artifact; no shipped runtime behavior
L285	fp	[TM2] test, fixture, generated, or documentation artifact; no shipped runtime behavior
L286	fp	[TM2] test, fixture, generated, or documentation artifact; no shipped runtime behavior
L287	fp	[TM2] test, fixture, generated, or documentation artifact; no shipped runtime behavior
L288	fp	[TM2] test, fixture, generated, or documentation artifact; no shipped runtime behavior
L289	fp	[TM2] test, fixture, generated, or documentation artifact; no shipped runtime behavior
L290	fp	[TM2] test, fixture, generated, or documentation artifact; no shipped runtime behavior
L291	fp	[TM2] test, fixture, generated, or documentation artifact; no shipped runtime behavior
L292	fp	[TM2] test, fixture, generated, or documentation artifact; no shipped runtime behavior
L293	fp	[TM2] test, fixture, generated, or documentation artifact; no shipped runtime behavior
L294	fp	[TM2] test, fixture, generated, or documentation artifact; no shipped runtime behavior
L295	fp	[TM2] test, fixture, generated, or documentation artifact; no shipped runtime behavior
L296	fp	[TM2] test, fixture, generated, or documentation artifact; no shipped runtime behavior
L297	fp	[TM2] test, fixture, generated, or documentation artifact; no shipped runtime behavior
L298	fp	[TM2] test, fixture, generated, or documentation artifact; no shipped runtime behavior
L299	fp	[TM2] test, fixture, generated, or documentation artifact; no shipped runtime behavior
L300	fp	[TM2] test, fixture, generated, or documentation artifact; no shipped runtime behavior
L301	fp	[TM2] test, fixture, generated, or documentation artifact; no shipped runtime behavior
L302	fp	[TM2] test, fixture, generated, or documentation artifact; no shipped runtime behavior
L303	fp	[TM2] test, fixture, generated, or documentation artifact; no shipped runtime behavior
L304	fp	[TM2] test, fixture, generated, or documentation artifact; no shipped runtime behavior
L305	fp	[TM2] test, fixture, generated, or documentation artifact; no shipped runtime behavior
L306	fp	[TM2] test, fixture, generated, or documentation artifact; no shipped runtime behavior
L307	fp	[TM2] test, fixture, generated, or documentation artifact; no shipped runtime behavior
L308	fp	[TM2] test, fixture, generated, or documentation artifact; no shipped runtime behavior
L309	fp	[TM2] test, fixture, generated, or documentation artifact; no shipped runtime behavior
L310	fp	[TM2] test, fixture, generated, or documentation artifact; no shipped runtime behavior
L311	fp	[TM2] test, fixture, generated, or documentation artifact; no shipped runtime behavior
L312	fp	[TM2] test, fixture, generated, or documentation artifact; no shipped runtime behavior
L313	fp	[TM2] test, fixture, generated, or documentation artifact; no shipped runtime behavior
L314	fp	[TM2] test, fixture, generated, or documentation artifact; no shipped runtime behavior
L315	fp	[TM2] test, fixture, generated, or documentation artifact; no shipped runtime behavior
L316	fp	[TM2] test, fixture, generated, or documentation artifact; no shipped runtime behavior
L317	fp	[TM2] test, fixture, generated, or documentation artifact; no shipped runtime behavior
L318	fp	[TM2] test, fixture, generated, or documentation artifact; no shipped runtime behavior
L319	fp	[TM2] test, fixture, generated, or documentation artifact; no shipped runtime behavior
L320	fp	[TM2] test, fixture, generated, or documentation artifact; no shipped runtime behavior
L321	fp	[TM2] test, fixture, generated, or documentation artifact; no shipped runtime behavior
L322	fp	[TM2] test, fixture, generated, or documentation artifact; no shipped runtime behavior
L323	fp	[TM2] test, fixture, generated, or documentation artifact; no shipped runtime behavior
L324	fp	[TM2] test, fixture, generated, or documentation artifact; no shipped runtime behavior
L325	fp	[TM2] test, fixture, generated, or documentation artifact; no shipped runtime behavior
L326	fp	[TM2] test, fixture, generated, or documentation artifact; no shipped runtime behavior
L327	fp	[TM2] test, fixture, generated, or documentation artifact; no shipped runtime behavior
L328	fp	[TM2] test, fixture, generated, or documentation artifact; no shipped runtime behavior
L329	fp	[TM2] test, fixture, generated, or documentation artifact; no shipped runtime behavior
L330	fp	[TM2] test, fixture, generated, or documentation artifact; no shipped runtime behavior
L331	fp	[TM2] test, fixture, generated, or documentation artifact; no shipped runtime behavior
L332	fp	[TM2] test, fixture, generated, or documentation artifact; no shipped runtime behavior
L333	fp	[TM2] test, fixture, generated, or documentation artifact; no shipped runtime behavior
L334	fp	[TM2] test, fixture, generated, or documentation artifact; no shipped runtime behavior
L335	fp	[TM2] test, fixture, generated, or documentation artifact; no shipped runtime behavior
L336	fp	[TM2] test, fixture, generated, or documentation artifact; no shipped runtime behavior
L337	fp	[TM2] test, fixture, generated, or documentation artifact; no shipped runtime behavior
L338	fp	[TM2] test, fixture, generated, or documentation artifact; no shipped runtime behavior
L339	fp	[TM2] test, fixture, generated, or documentation artifact; no shipped runtime behavior
L340	fp	[TM2] test, fixture, generated, or documentation artifact; no shipped runtime behavior
L341	fp	[TM2] test, fixture, generated, or documentation artifact; no shipped runtime behavior
L342	fp	[TM2] test, fixture, generated, or documentation artifact; no shipped runtime behavior
L343	fp	[TM2] test, fixture, generated, or documentation artifact; no shipped runtime behavior
L344	fp	[TM2] test, fixture, generated, or documentation artifact; no shipped runtime behavior
L345	fp	[TM2] test, fixture, generated, or documentation artifact; no shipped runtime behavior
L346	fp	[TM2] test, fixture, generated, or documentation artifact; no shipped runtime behavior
L347	fp	[TM2] test, fixture, generated, or documentation artifact; no shipped runtime behavior
L348	fp	[TM2] test, fixture, generated, or documentation artifact; no shipped runtime behavior
L349	fp	[TM2] test, fixture, generated, or documentation artifact; no shipped runtime behavior
L350	fp	[TM2] test, fixture, generated, or documentation artifact; no shipped runtime behavior
L351	fp	[TM2] test, fixture, generated, or documentation artifact; no shipped runtime behavior
L352	fp	[TM2] test, fixture, generated, or documentation artifact; no shipped runtime behavior
L353	fp	[TM2] test, fixture, generated, or documentation artifact; no shipped runtime behavior
L354	fp	[TM2] test, fixture, generated, or documentation artifact; no shipped runtime behavior
L355	fp	[TM2] test, fixture, generated, or documentation artifact; no shipped runtime behavior
L356	fp	[TM2] test, fixture, generated, or documentation artifact; no shipped runtime behavior
L357	fp	[TM2] test, fixture, generated, or documentation artifact; no shipped runtime behavior
L358	fp	[TM2] test, fixture, generated, or documentation artifact; no shipped runtime behavior
L359	fp	[TM2] test, fixture, generated, or documentation artifact; no shipped runtime behavior
L360	fp	[TM2] test, fixture, generated, or documentation artifact; no shipped runtime behavior
L361	fp	[TM2] test, fixture, generated, or documentation artifact; no shipped runtime behavior
L362	fp	[TM2] test, fixture, generated, or documentation artifact; no shipped runtime behavior
L363	fp	[TM2] test, fixture, generated, or documentation artifact; no shipped runtime behavior
L364	fp	[TM2] test, fixture, generated, or documentation artifact; no shipped runtime behavior
L365	fp	[TM2] test, fixture, generated, or documentation artifact; no shipped runtime behavior
L366	fp	[TM2] test, fixture, generated, or documentation artifact; no shipped runtime behavior
L367	fp	[TM2] test, fixture, generated, or documentation artifact; no shipped runtime behavior
L368	fp	[TM2] test, fixture, generated, or documentation artifact; no shipped runtime behavior
L369	fp	[TM2] test, fixture, generated, or documentation artifact; no shipped runtime behavior
L370	fp	[TM2] test, fixture, generated, or documentation artifact; no shipped runtime behavior
L371	fp	[TM2] test, fixture, generated, or documentation artifact; no shipped runtime behavior
L372	fp	[TM2] test, fixture, generated, or documentation artifact; no shipped runtime behavior
L373	fp	[TM2] test, fixture, generated, or documentation artifact; no shipped runtime behavior
L374	fp	[TM2] test, fixture, generated, or documentation artifact; no shipped runtime behavior
L375	fp	[TM2] test, fixture, generated, or documentation artifact; no shipped runtime behavior
L376	fp	[TM2] test, fixture, generated, or documentation artifact; no shipped runtime behavior
L377	fp	[TM2] test, fixture, generated, or documentation artifact; no shipped runtime behavior
L378	fp	[TM2] test, fixture, generated, or documentation artifact; no shipped runtime behavior
L379	fp	[TM2] test, fixture, generated, or documentation artifact; no shipped runtime behavior
L380	fp	[TM2] test, fixture, generated, or documentation artifact; no shipped runtime behavior
L381	fp	[TM2] test, fixture, generated, or documentation artifact; no shipped runtime behavior
L382	fp	[TM2] test, fixture, generated, or documentation artifact; no shipped runtime behavior
L383	fp	[TM2] test, fixture, generated, or documentation artifact; no shipped runtime behavior
L384	fp	[TM2] test, fixture, generated, or documentation artifact; no shipped runtime behavior
L385	fp	[TM2] test, fixture, generated, or documentation artifact; no shipped runtime behavior
L386	fp	[TM2] test, fixture, generated, or documentation artifact; no shipped runtime behavior
L387	fp	[TM2] test, fixture, generated, or documentation artifact; no shipped runtime behavior
L388	fp	[TM2] test, fixture, generated, or documentation artifact; no shipped runtime behavior
L389	fp	[TM2] test, fixture, generated, or documentation artifact; no shipped runtime behavior
L390	fp	[TM2] test, fixture, generated, or documentation artifact; no shipped runtime behavior
L391	fp	[TM2] test, fixture, generated, or documentation artifact; no shipped runtime behavior
L392	fp	[TM2] test, fixture, generated, or documentation artifact; no shipped runtime behavior
L393	nv	BUG-006
L394	nv	BUG-006
L395	nv	BUG-006
L396	nv	BUG-006
L397	nv	BUG-006
L398	nv	BUG-004
L399	nv	BUG-006
L400	nv	BUG-006
L401	nv	BUG-006
L402	nv	BUG-006
L403	nv	BUG-006
L404	nv	BUG-006
L405	nv	BUG-006
L406	nv	BUG-006
L407	fp	[TM2] scanner match is in a test or non-executing helper; no shipped behavior established
L408	nv	BUG-006
L409	nv	BUG-006
L410	nv	BUG-006
L411	nv	BUG-004
L412	nv	BUG-006
L413	nv	BUG-004
L414	nv	BUG-006
L415	fp	[TM2] scanner match is in a test or non-executing helper; no shipped behavior established
L416	nv	BUG-004
L417	nv	BUG-006
L418	nv	BUG-006
L419	nv	BUG-004
L420	nv	BUG-004
L421	nv	BUG-006
L422	nv	BUG-006
L423	nv	BUG-006
L424	nv	BUG-004
L425	nv	BUG-006
L426	nv	BUG-004
L427	nv	BUG-006
L428	nv	BUG-006
L429	fp	[TM2] scanner match is in a test or non-executing helper; no shipped behavior established
L430	nv	BUG-004
L431	nv	BUG-006
L432	nv	BUG-004
L433	nv	BUG-004
L434	nv	BUG-006
L435	nv	BUG-004
L436	nv	BUG-004
L437	nv	BUG-004
L438	nv	BUG-006
L439	nv	BUG-006
L440	nv	BUG-006
L441	nv	BUG-006
L442	nv	BUG-006
L443	nv	BUG-006
L444	nv	BUG-006
L445	nv	BUG-004
L446	nv	BUG-004
L447	nv	BUG-006
L448	nv	BUG-004
L449	nv	BUG-006
L450	nv	BUG-006
L451	nv	BUG-006
L452	nv	BUG-006
L453	nv	BUG-004
L454	nv	BUG-006
L455	nv	BUG-006
L456	nv	BUG-006
L457	nv	BUG-006
L458	nv	BUG-006
L459	nv	BUG-006
L460	nv	BUG-006
L461	nv	BUG-006
L462	nv	BUG-006
L463	nv	BUG-006
L464	nv	BUG-004
L465	nv	BUG-006
L466	nv	BUG-006
L467	nv	BUG-006
L468	nv	BUG-006
L469	nv	BUG-006
L470	nv	BUG-006
L471	nv	BUG-006
L472	nv	BUG-004
L473	nv	BUG-004
L474	nv	BUG-006
L475	nv	BUG-006
L476	nv	BUG-004
L477	nv	BUG-006
L478	nv	BUG-006
L479	nv	BUG-004
L480	nv	BUG-004
L481	fp	[TM2] scanner match is in a test or non-executing helper; no shipped behavior established
L482	nv	BUG-004
L483	nv	BUG-004
L484	nv	BUG-004
L485	nv	BUG-004
L486	fp	[TM2] scanner match is in a test or non-executing helper; no shipped behavior established
L487	nv	BUG-006
L488	nv	BUG-004
L489	nv	BUG-006
L490	nv	BUG-004
L491	nv	BUG-004
L492	nv	BUG-004
L493	nv	BUG-006
L494	nv	BUG-004
L495	nv	BUG-006
L496	nv	BUG-006
L497	nv	BUG-006
L498	nv	BUG-006
L499	fp	[TM2] scanner match is in a test or non-executing helper; no shipped behavior established
L500	nv	BUG-004
L501	nv	BUG-006
L502	nv	BUG-004
L503	nv	BUG-006
L504	nv	BUG-006
L505	nv	BUG-006
L506	nv	BUG-006
L507	nv	BUG-006
L508	nv	BUG-006
L509	nv	BUG-006
L510	nv	BUG-006
L511	nv	BUG-006
L512	nv	BUG-006
L513	nv	BUG-006
L514	nv	BUG-006
L515	nv	BUG-006
L516	nv	BUG-006
L517	nv	BUG-006
L518	nv	BUG-004
L519	nv	BUG-006
L520	nv	BUG-006
L521	nv	BUG-006
L522	nv	BUG-006
L523	nv	BUG-004
L524	nv	BUG-006
L525	fp	[TM2] scanner match is in a test or non-executing helper; no shipped behavior established
L526	nv	BUG-006
L527	nv	BUG-006
L528	nv	BUG-004
L529	nv	BUG-004
L530	fp	[TM2] scanner match is in a test or non-executing helper; no shipped behavior established
L531	nv	BUG-004
L532	fp	[TM2] scanner match is in a test or non-executing helper; no shipped behavior established
L533	nv	BUG-006
L534	nv	BUG-006
L535	nv	BUG-004
L536	nv	BUG-006
L537	nv	BUG-006
L538	fp	[TM2] scanner match is in a test or non-executing helper; no shipped behavior established
L539	nv	BUG-006
L540	nv	BUG-006
L541	nv	BUG-006
L542	nv	BUG-006
L543	nv	BUG-004
L544	nv	BUG-006
L545	nv	BUG-004
L546	nv	BUG-006
L547	nv	BUG-004
L548	nv	BUG-006
L549	nv	BUG-006
L550	nv	BUG-004
L551	nv	BUG-006
L552	nv	BUG-004
L553	nv	BUG-006
L554	nv	BUG-004
L555	nv	BUG-006
L556	nv	BUG-004
L557	nv	BUG-006
L558	nv	BUG-006
L559	nv	BUG-006
L560	nv	BUG-006
L561	fp	[TM2] scanner match is in a test or non-executing helper; no shipped behavior established
L562	nv	BUG-004
L563	nv	BUG-004
L564	nv	BUG-006
L565	nv	BUG-006
L566	nv	BUG-004
L567	nv	BUG-006
L568	nv	BUG-004
L569	fp	[TM2] scanner match is in a test or non-executing helper; no shipped behavior established
L570	nv	BUG-004
L571	nv	BUG-006
L572	fp	[TM2] scanner match is in a test or non-executing helper; no shipped behavior established
L573	nv	BUG-006
L574	nv	BUG-004
L575	nv	BUG-004
L576	nv	BUG-006
L577	nv	BUG-006
L578	nv	BUG-006
L579	nv	BUG-006
L580	nv	BUG-004
L581	nv	BUG-006
L582	nv	BUG-006
L583	nv	BUG-006
L584	nv	BUG-004
L585	nv	BUG-006
L586	nv	BUG-006
L587	nv	BUG-004
L588	fp	[TM2] scanner match is in a test or non-executing helper; no shipped behavior established
L589	nv	BUG-006
L590	nv	BUG-004
L591	nv	BUG-004
L592	nv	BUG-006
L593	nv	BUG-006
L594	nv	BUG-004
L595	nv	BUG-006
L596	nv	BUG-006
L597	nv	BUG-006
L598	nv	BUG-004
L599	nv	BUG-006
L600	nv	BUG-006
L601	nv	BUG-006
L602	nv	BUG-004
L603	nv	BUG-006
L604	nv	BUG-006
L605	nv	BUG-004
L606	nv	BUG-004
L607	nv	BUG-004
L608	nv	BUG-004
L609	nv	BUG-006
L610	nv	BUG-006
L611	nv	BUG-004
L612	fp	[TM2] scanner match is in a test or non-executing helper; no shipped behavior established
L613	fp	[TM2] scanner match is in a test or non-executing helper; no shipped behavior established
L614	fp	[TM2] scanner match is in a test or non-executing helper; no shipped behavior established
L615	nv	BUG-004
L616	nv	BUG-004
L617	nv	BUG-004
L618	fp	[TM2] scanner match is in a test or non-executing helper; no shipped behavior established
L619	nv	BUG-004
L620	nv	BUG-006
L621	nv	BUG-006
L622	nv	BUG-004
L623	nv	BUG-006
L624	nv	BUG-006
L625	fp	[TM2] scanner match is in a test or non-executing helper; no shipped behavior established
L626	fp	[TM2] scanner match is in a test or non-executing helper; no shipped behavior established
L627	fp	[TM2] scanner match is in a test or non-executing helper; no shipped behavior established
L628	nv	BUG-006
L629	nv	BUG-004
L630	nv	BUG-006
L631	nv	BUG-004
L632	fp	[TM2] scanner match is in a test or non-executing helper; no shipped behavior established
L633	nv	BUG-004
L634	nv	BUG-006
L635	nv	BUG-006
L636	nv	BUG-004
L637	nv	BUG-006
L638	nv	BUG-006
L639	fp	[TM2] scanner match is in a test or non-executing helper; no shipped behavior established
L640	nv	BUG-004
L641	nv	BUG-006
L642	nv	BUG-004
L643	nv	BUG-006
L644	nv	BUG-006
L645	nv	BUG-006
L646	nv	BUG-004
L647	nv	BUG-006
L648	nv	BUG-006
L649	nv	BUG-006
L650	nv	BUG-004
L651	nv	BUG-006
L652	nv	BUG-006
L653	nv	BUG-006
L654	nv	BUG-004
L655	nv	BUG-004
L656	nv	BUG-006
L657	fp	[TM2] scanner match is in a test or non-executing helper; no shipped behavior established
L658	nv	BUG-006
L659	nv	BUG-004
L660	nv	BUG-006
L661	nv	BUG-004
L662	nv	BUG-006
L663	nv	BUG-004
L664	nv	BUG-006
L665	nv	BUG-004
L666	nv	BUG-006
L667	nv	BUG-004
L668	nv	BUG-006
L669	nv	BUG-006
L670	nv	BUG-006
L671	nv	BUG-004
L672	nv	BUG-004
L673	nv	BUG-006
L674	nv	BUG-006
L675	nv	BUG-006
L676	nv	BUG-006
L677	nv	BUG-004
L678	nv	BUG-004
L679	fp	[TM2] scanner match is in a test or non-executing helper; no shipped behavior established
L680	nv	BUG-006
L681	nv	BUG-006
L682	nv	BUG-004
L683	nv	BUG-006
L684	nv	BUG-004
L685	nv	BUG-004
L686	nv	BUG-006
L687	nv	BUG-004
L688	nv	BUG-006
L689	nv	BUG-006
L690	nv	BUG-004
L691	nv	BUG-006
L692	nv	BUG-006
L693	nv	BUG-004
L694	nv	BUG-006
L695	fp	[TM2] scanner match is in a test or non-executing helper; no shipped behavior established
L696	nv	BUG-006
L697	nv	BUG-004
L698	nv	BUG-004
L699	nv	BUG-006
L700	nv	BUG-006
L701	nv	BUG-006
L702	nv	BUG-006
L703	nv	BUG-006
L704	nv	BUG-006
L705	nv	BUG-004
L706	nv	BUG-004
L707	nv	BUG-004
L708	nv	BUG-004
L709	fp	[TM2] scanner match is in a test or non-executing helper; no shipped behavior established
L710	nv	BUG-004
L711	nv	BUG-004
L712	nv	BUG-006
L713	nv	BUG-006
L714	nv	BUG-006
L715	nv	BUG-006
L716	nv	BUG-004
L717	nv	BUG-006
L718	nv	BUG-006
L719	nv	BUG-004
L720	nv	BUG-006
L721	nv	BUG-004
L722	nv	BUG-006
L723	nv	BUG-006
L724	nv	BUG-004
L725	nv	BUG-006
L726	nv	BUG-004
L727	nv	BUG-006
L728	nv	BUG-004
L729	nv	BUG-006
L730	nv	BUG-006
L731	nv	BUG-004
L732	nv	BUG-004
L733	nv	BUG-006
L734	nv	BUG-006
L735	nv	BUG-006
L736	nv	BUG-006
L737	nv	BUG-004
L738	nv	BUG-006
L739	fp	[TM2] scanner match is in a test or non-executing helper; no shipped behavior established
L740	nv	BUG-004
L741	nv	BUG-006
L742	nv	BUG-004
L743	nv	BUG-006
L744	nv	BUG-004
L745	nv	BUG-006
L746	nv	BUG-006
L747	nv	BUG-006
L748	nv	BUG-006
L749	nv	BUG-004
L750	nv	BUG-006
L751	nv	BUG-006
L752	nv	BUG-004
L753	nv	BUG-006
L754	nv	BUG-004
L755	nv	BUG-006
L756	nv	BUG-004
L757	nv	BUG-006
L758	nv	BUG-006
L759	nv	BUG-006
L760	nv	BUG-004
L761	nv	BUG-006
L762	nv	BUG-006
L763	nv	BUG-006
L764	nv	BUG-006
L765	fp	[TM2] scanner match is in a test or non-executing helper; no shipped behavior established
L766	nv	BUG-006
L767	fp	[TM2] scanner match is in a test or non-executing helper; no shipped behavior established
L768	nv	BUG-006
L769	nv	BUG-006
L770	nv	BUG-004
L771	nv	BUG-006
L772	nv	BUG-004
L773	nv	BUG-006
L774	nv	BUG-006
L775	nv	BUG-006
L776	nv	BUG-004
L777	nv	BUG-006
L778	nv	BUG-004
L779	nv	BUG-006
L780	nv	BUG-006
L781	nv	BUG-006
L782	nv	BUG-006
L783	nv	BUG-004
L784	nv	BUG-006
L785	nv	BUG-006
L786	nv	BUG-004
L787	nv	BUG-004
L788	nv	BUG-006
L789	nv	BUG-004
L790	nv	BUG-006
L791	nv	BUG-006
L792	nv	BUG-006
L793	nv	BUG-006
L794	nv	BUG-006
L795	nv	BUG-006
L796	nv	BUG-006
L797	nv	BUG-006
L798	nv	BUG-006
L799	nv	BUG-006
L800	nv	BUG-006
L801	nv	BUG-006
L802	nv	BUG-006
L803	nv	BUG-004
L804	nv	BUG-006
L805	nv	BUG-006
L806	fp	[TM2] scanner match is in a test or non-executing helper; no shipped behavior established
L807	nv	BUG-006
L808	nv	BUG-006
L809	nv	BUG-006
L810	nv	BUG-004
L811	nv	BUG-006
L812	nv	BUG-004
L813	nv	BUG-006
L814	nv	BUG-004
L815	nv	BUG-006
L816	nv	BUG-006
L817	fp	[TM2] scanner match is in a test or non-executing helper; no shipped behavior established
L818	nv	BUG-004
L819	nv	BUG-006
L820	nv	BUG-004
L821	nv	BUG-004
L822	nv	BUG-006
L823	nv	BUG-006
L824	nv	BUG-006
L825	nv	BUG-004
L826	nv	BUG-006
L827	nv	BUG-006
L828	nv	BUG-004
L829	nv	BUG-006
L830	nv	BUG-006
L831	nv	BUG-006
L832	nv	BUG-004
L833	nv	BUG-006
L834	nv	BUG-006
L835	nv	BUG-006
L836	nv	BUG-004
L837	nv	BUG-004
L838	nv	BUG-006
L839	nv	BUG-004
L840	nv	BUG-006
L841	nv	BUG-006
L842	nv	BUG-004
L843	fp	[TM2] scanner match is in a test or non-executing helper; no shipped behavior established
L844	nv	BUG-006
L845	nv	BUG-006
L846	nv	BUG-004
L847	nv	BUG-006
L848	nv	BUG-006
L849	nv	BUG-006
L850	nv	BUG-006
L851	nv	BUG-006
L852	fp	[TM2] scanner match is in a test or non-executing helper; no shipped behavior established
L853	nv	BUG-006
L854	nv	BUG-006
L855	nv	BUG-004
L856	nv	BUG-006
L857	nv	BUG-004
L858	nv	BUG-006
L859	nv	BUG-006
L860	nv	BUG-004
L861	nv	BUG-006
L862	fp	[TM2] scanner match is in a test or non-executing helper; no shipped behavior established
L863	nv	BUG-004
L864	nv	BUG-006
L865	fp	[TM2] scanner match is in a test or non-executing helper; no shipped behavior established
L866	nv	BUG-004
L867	nv	BUG-004
L868	nv	BUG-004
L869	nv	BUG-006
L870	nv	BUG-006
L871	nv	BUG-006
L872	nv	BUG-006
L873	nv	BUG-004
L874	nv	BUG-006
L875	nv	BUG-004
L876	nv	BUG-006
L877	nv	BUG-006
L878	nv	BUG-004
L879	nv	BUG-006
L880	nv	BUG-004
L881	nv	BUG-006
L882	nv	BUG-006
L883	nv	BUG-004
L884	nv	BUG-006
L885	nv	BUG-006
L886	fp	[TM2] scanner match is in a test or non-executing helper; no shipped behavior established
L887	nv	BUG-006
L888	nv	BUG-004
L889	nv	BUG-006
L890	nv	BUG-004
L891	fp	[TM2] test, fixture, generated, or documentation artifact; no shipped runtime behavior
L892	fp	[TM2] test, fixture, generated, or documentation artifact; no shipped runtime behavior
L893	fp	[TM2] test, fixture, generated, or documentation artifact; no shipped runtime behavior
L894	fp	[TM2] test, fixture, generated, or documentation artifact; no shipped runtime behavior
L895	fp	[TM2] test, fixture, generated, or documentation artifact; no shipped runtime behavior
L896	fp	[TM2] test, fixture, generated, or documentation artifact; no shipped runtime behavior
L897	fp	[TM2] test, fixture, generated, or documentation artifact; no shipped runtime behavior
L898	fp	[TM2] test, fixture, generated, or documentation artifact; no shipped runtime behavior
L899	fp	[TM2] test, fixture, generated, or documentation artifact; no shipped runtime behavior
L900	fp	[TM2] test, fixture, generated, or documentation artifact; no shipped runtime behavior
L901	fp	[TM2] test, fixture, generated, or documentation artifact; no shipped runtime behavior
L902	fp	[TM2] test, fixture, generated, or documentation artifact; no shipped runtime behavior
L903	fp	[TM2] test, fixture, generated, or documentation artifact; no shipped runtime behavior
L904	fp	[TM2] test, fixture, generated, or documentation artifact; no shipped runtime behavior
L905	fp	[TM2] test, fixture, generated, or documentation artifact; no shipped runtime behavior
L906	fp	[TM2] test, fixture, generated, or documentation artifact; no shipped runtime behavior
L907	fp	[TM2] test, fixture, generated, or documentation artifact; no shipped runtime behavior
L908	fp	[TM2] test, fixture, generated, or documentation artifact; no shipped runtime behavior
L909	fp	[TM2] test, fixture, generated, or documentation artifact; no shipped runtime behavior
L910	fp	[TM2] test, fixture, generated, or documentation artifact; no shipped runtime behavior
L911	fp	[TM2] test, fixture, generated, or documentation artifact; no shipped runtime behavior
L912	fp	[TM2] test, fixture, generated, or documentation artifact; no shipped runtime behavior
L913	fp	[TM2] test, fixture, generated, or documentation artifact; no shipped runtime behavior
L914	fp	[TM2] test, fixture, generated, or documentation artifact; no shipped runtime behavior
L915	fp	[TM2] test, fixture, generated, or documentation artifact; no shipped runtime behavior
L916	fp	[TM2] test, fixture, generated, or documentation artifact; no shipped runtime behavior
L917	fp	[TM2] test, fixture, generated, or documentation artifact; no shipped runtime behavior
L918	fp	[TM2] test, fixture, generated, or documentation artifact; no shipped runtime behavior
L919	fp	[TM2] test, fixture, generated, or documentation artifact; no shipped runtime behavior
L920	fp	[TM2] test, fixture, generated, or documentation artifact; no shipped runtime behavior
L921	fp	[TM2] test, fixture, generated, or documentation artifact; no shipped runtime behavior
L922	fp	[TM2] test, fixture, generated, or documentation artifact; no shipped runtime behavior
L923	fp	[TM2] test, fixture, generated, or documentation artifact; no shipped runtime behavior
L924	fp	[TM2] test, fixture, generated, or documentation artifact; no shipped runtime behavior
L925	fp	[TM2] test, fixture, generated, or documentation artifact; no shipped runtime behavior
L926	fp	[TM2] test, fixture, generated, or documentation artifact; no shipped runtime behavior
L927	fp	[TM2] test, fixture, generated, or documentation artifact; no shipped runtime behavior
L928	fp	[TM2] test, fixture, generated, or documentation artifact; no shipped runtime behavior
L929	fp	[TM2] test, fixture, generated, or documentation artifact; no shipped runtime behavior
L930	fp	[TM2] test, fixture, generated, or documentation artifact; no shipped runtime behavior
L931	fp	[TM2] test, fixture, generated, or documentation artifact; no shipped runtime behavior
L932	fp	[TM2] test, fixture, generated, or documentation artifact; no shipped runtime behavior
L933	fp	[TM2] test, fixture, generated, or documentation artifact; no shipped runtime behavior
L934	fp	[TM2] test, fixture, generated, or documentation artifact; no shipped runtime behavior
L935	fp	[TM2] test, fixture, generated, or documentation artifact; no shipped runtime behavior
L936	fp	[TM2] test, fixture, generated, or documentation artifact; no shipped runtime behavior
L937	fp	[TM2] test, fixture, generated, or documentation artifact; no shipped runtime behavior
L938	fp	[TM2] test, fixture, generated, or documentation artifact; no shipped runtime behavior
L939	fp	[TM2] test, fixture, generated, or documentation artifact; no shipped runtime behavior
L940	fp	[TM2] test, fixture, generated, or documentation artifact; no shipped runtime behavior
L941	fp	[TM2] test, fixture, generated, or documentation artifact; no shipped runtime behavior
L942	fp	[TM2] test, fixture, generated, or documentation artifact; no shipped runtime behavior
L943	fp	[TM2] test, fixture, generated, or documentation artifact; no shipped runtime behavior
L944	fp	[TM2] test, fixture, generated, or documentation artifact; no shipped runtime behavior
L945	fp	[TM2] test, fixture, generated, or documentation artifact; no shipped runtime behavior
L946	fp	[TM2] test, fixture, generated, or documentation artifact; no shipped runtime behavior
L947	fp	[TM2] test, fixture, generated, or documentation artifact; no shipped runtime behavior
L948	fp	[TM2] test, fixture, generated, or documentation artifact; no shipped runtime behavior
